,Round
13923,0
2020,6
3322,0
12933,0
14626,0
1864,0
7389,6
11940,0
14305,0
2073,0
14061,3
1607,2
6511,5
6280,0
7730,0
2610,0
2355,0
8592,0
15132,0
14806,0
13473,0
11951,0
6230,0
13584,6
13892,0
9064,5
14585,1
11796,0
12789,0
3009,1
12276,7
12007,0
15049,0
9224,3
6368,5
6926,6
7160,0
7758,0
14805,0
13216,0
6290,6
6396,0
14301,0
2891,0
13059,0
1785,0
2377,0
13008,0
98,0
3135,0
2048,0
13334,0
1852,0
15100,0
9545,0
7871,0
7099,0
8100,0
1883,0
13001,0
9398,0
7889,0
2435,7
12861,0
7306,0
12793,0
3304,0
1703,0
7942,0
14563,0
11637,0
14090,0
8355,0
11792,0
2088,0
13148,7
14302,5
11474,2
14197,0
8469,2
9405,0
13071,0
7506,0
7923,0
12697,0
13992,0
11910,0
11850,0
6875,0
13713,0
13299,0
12400,1
1986,0
9325,0
15090,6
7400,0
15023,0
8631,0
12590,0
23,7
11480,0
6284,3
13140,0
13596,0
15228,2
8019,0
6915,0
7423,0
2303,0
14529,0
14918,0
7802,0
8096,0
12547,0
1770,0
13028,0
12786,0
2352,0
3247,0
14153,0
7212,0
6204,0
2444,0
9200,7
6385,0
11853,6
14829,0
1651,0
6795,4
14909,0
13165,0
13855,0
12304,0
7424,0
14764,6
11957,0
6668,4
7019,0
1812,0
9331,0
12011,0
2465,0
2158,0
14887,0
123,0
13426,0
7945,0
12954,0
2626,0
7944,0
2539,0
8535,0
8266,1
1567,0
8321,0
9053,0
9329,5
7703,0
3057,0
6825,0
7140,0
13264,0
7579,0
15233,0
11398,0
7033,0
1850,0
2945,0
1763,0
7269,0
6884,4
13409,0
11623,0
11842,0
11529,7
8045,6
2115,0
8037,0
11802,0
2328,0
12225,0
6351,0
8370,0
12466,0
12809,0
2409,5
6777,3
1806,0
13562,0
9092,2
11730,0
12531,0
13755,0
14238,6
11444,0
15061,0
13988,0
2793,0
1988,0
9368,5
7139,7
7465,0
13312,0
7378,0
8200,0
15127,0
7165,0
13507,0
14265,0
7003,0
14159,1
7880,0
2549,0
6595,0
2889,0
8611,0
11580,0
14985,0
11859,0
11755,0
6955,0
2258,0
9101,0
8512,0
6973,0
13222,0
12802,0
12163,0
2667,0
11633,0
11838,0
8091,0
12219,0
47,0
9407,0
15096,1
11364,0
12285,4
6546,0
2585,0
11670,4
12857,0
2770,0
11515,0
12054,0
6249,0
11886,0
12836,0
8029,0
13612,6
14106,0
1582,0
13523,0
11932,0
7399,5
32,0
14168,3
13493,0
12157,5
9016,7
2766,6
3109,0
1992,0
15218,0
2038,6
9025,0
14252,0
7959,0
14389,0
13912,0
1873,0
2398,0
7854,4
6948,0
2337,0
14124,0
11489,0
1983,0
2960,0
7034,0
2361,6
12070,0
7781,0
14699,0
14431,0
15163,2
6775,4
13087,0
12604,0
1574,6
14656,1
7581,0
13102,7
9268,0
14209,0
3288,0
7546,0
9587,0
9402,0
13262,5
14340,0
2622,0
7458,0
12414,0
2338,6
9414,1
6815,0
2820,0
9099,5
12097,5
8245,0
2821,0
8623,0
2083,0
7201,0
7470,0
8485,0
9455,4
6677,0
12451,0
14952,0
8124,0
14386,0
3095,6
14841,0
2489,6
2586,0
13467,0
6495,6
14158,0
11390,0
2006,0
11265,0
7599,0
12188,0
14842,0
15055,0
7833,0
13601,0
2513,0
130,3
1822,0
6990,0
7237,1
13044,0
14020,0
13736,0
12966,7
14064,4
3067,0
14472,0
3163,0
14791,0
6925,0
6630,0
9422,0
12530,0
2155,4
2301,3
13812,0
8545,0
2923,0
2244,0
7323,0
13041,0
2234,0
6621,5
2030,0
2488,0
12492,0
7372,3
13857,0
1831,0
7574,7
15161,0
14269,0
2215,0
1739,0
6691,0
14953,0
14736,0
8210,0
3270,0
7593,0
3260,0
13936,0
14978,0
12824,0
14824,0
7947,0
3275,7
6979,0
2008,0
6268,2
7769,4
15239,0
8367,0
11883,0
13236,0
13644,0
9271,0
7172,0
12884,0
6156,0
7862,0
2089,0
3013,1
9519,4
6209,0
12663,0
14689,0
13712,0
6464,0
2070,0
13475,0
2916,0
2616,0
1959,0
8593,0
12875,0
12491,0
2545,0
14657,0
11894,0
14852,0
14062,0
7583,0
14000,0
13157,0
8444,0
15001,0
2086,1
12229,0
8547,0
2683,0
11691,1
7111,7
6786,0
7990,1
12222,1
11366,0
15075,0
14683,0
7025,0
8409,0
7536,0
7168,3
6598,0
7023,0
7723,0
12620,3
7236,0
13663,0
7737,0
14080,0
13382,7
11701,7
9055,0
6243,0
9531,0
13772,0
14989,0
2661,0
6558,0
3223,0
3165,0
6819,6
11650,3
9469,4
2819,1
12072,0
7607,0
9223,3
7534,0
11763,0
11852,0
6727,0
2956,1
9298,5
15197,5
13131,2
11665,0
6298,6
2593,4
6324,0
2738,0
2847,0
2260,0
8618,0
9324,0
2936,0
7117,4
8086,5
12215,0
15035,0
9555,7
3370,0
12931,7
7930,0
13858,0
8539,0
3232,0
12705,7
9537,0
14633,0
8156,0
14268,0
6366,0
6203,3
7596,0
2531,0
8384,0
7005,0
12254,0
12015,0
9023,0
6944,0
8119,0
6556,0
14624,0
7017,0
8556,0
14141,0
13895,0
6323,1
2144,0
6229,0
3093,0
8065,0
12814,0
12653,0
8607,0
8002,0
2957,1
7084,7
163,0
13367,0
1942,6
14067,6
7857,0
3360,0
3355,0
1982,7
7150,0
7949,4
2652,0
13610,0
13817,0
7766,0
13201,0
7646,0
13803,0
13431,0
7628,0
7121,0
6751,4
13399,0
12736,0
6490,1
7147,0
11937,0
3044,0
12701,3
8534,0
14741,0
15236,0
7118,2
12673,0
2705,0
13876,0
9050,2
14941,0
2853,0
7407,2
62,1
7063,0
8380,0
1666,0
13346,0
3262,0
3291,4
8605,0
12493,0
8111,0
1693,0
15136,0
9248,0
3153,0
3218,0
9305,7
11934,0
9346,6
1889,1
8094,0
1796,7
7537,0
14233,0
9217,0
1936,0
13998,0
9523,3
13171,0
2195,0
11797,0
1842,0
1570,0
2786,0
14413,0
15171,2
2823,0
13186,7
6129,0
14937,0
14996,3
9187,6
2780,0
12142,0
2526,0
9388,0
2230,0
11965,0
14028,0
1832,0
2209,0
12123,1
14866,2
2944,0
3312,0
7244,6
3122,0
6637,0
2404,0
1753,2
1702,0
13054,0
9356,0
12642,7
14521,0
14056,0
9530,0
11655,5
2474,0
14359,6
12470,0
12069,0
7789,4
6425,0
9252,3
3209,0
12175,0
7821,0
12851,0
8397,0
12877,0
7507,3
6917,0
2828,0
13055,0
6767,0
14331,2
7158,0
7739,0
7464,0
12526,0
13622,0
1991,0
7288,0
7672,0
12453,0
7148,2
7062,0
12019,0
2989,0
3068,0
6624,7
7661,0
2830,0
13221,0
11829,0
15125,0
14584,0
6953,0
6638,5
8042,0
14825,2
12088,0
2154,0
2105,3
11652,0
13975,4
12149,2
13541,0
2050,0
7734,0
7204,6
2826,4
7194,7
9307,0
12314,0
2480,0
2527,6
13209,0
8368,0
13173,0
14879,0
14102,0
13010,1
12655,0
14940,3
8376,0
14592,4
2506,0
12942,7
3126,5
14727,0
11679,6
11814,0
12711,0
14083,0
12938,0
2686,0
8073,7
14285,0
7486,0
14782,0
13018,0
14780,0
12837,4
1895,0
8359,0
8127,0
9322,2
6897,0
11626,0
3124,0
14213,4
9279,3
11602,0
11409,0
2911,0
14963,0
9162,7
1900,0
14328,0
13182,0
7861,0
14638,4
7565,0
7437,0
9326,4
7483,0
11675,0
6307,0
9255,7
15077,0
14220,0
12855,0
13909,0
12858,0
13130,0
11639,0
6529,0
14724,0
8394,2
1807,0
12249,0
45,0
14589,0
6395,0
9196,0
2535,1
14813,0
12623,0
15174,0
11430,0
9133,6
6735,0
2068,6
9115,0
6737,0
3004,0
7340,0
12887,3
2583,0
9344,7
13947,0
8490,6
7196,7
13646,5
6388,0
13856,0
6519,2
13669,0
1741,0
13364,0
3349,0
13031,6
2872,0
12114,0
8278,0
1838,0
6378,0
14856,5
14804,4
12067,0
13206,0
9141,5
2207,0
12566,0
2005,0
13778,5
11505,0
2865,0
11510,0
13805,1
3159,0
6879,0
13607,3
1968,0
14784,7
6921,0
14009,0
14324,0
12557,0
7580,0
12324,0
3005,2
7756,7
1784,0
14421,0
2403,0
15188,2
2621,0
2041,0
8382,0
2365,0
6920,0
13729,6
8177,7
15057,0
6919,0
13077,6
8325,0
9153,1
8616,0
12078,7
13164,0
12916,0
13124,0
13960,0
6644,0
3090,0
1610,4
1781,0
7695,0
14767,0
12237,0
2932,0
9399,0
3263,0
9495,6
12055,0
9296,0
8608,0
9389,0
13397,3
1999,7
6675,7
12556,0
13133,0
13116,0
2809,7
6155,0
1825,0
14173,0
11822,0
13181,0
13996,0
12071,0
2076,0
13187,0
2304,0
92,0
8117,0
9282,7
15121,0
13066,7
9037,2
11668,0
12895,0
1696,0
6475,0
12352,0
3094,0
14439,0
14261,0
11766,3
8227,0
2080,0
9516,0
11447,3
13721,0
6473,0
2200,0
8345,0
8443,0
1704,7
2631,0
2148,0
13634,0
11695,0
9273,5
12464,0
14751,6
12757,1
13747,0
3386,0
3320,0
12998,0
2199,0
12607,0
15067,0
9112,4
12860,0
7848,0
15223,0
12200,0
7740,3
1650,2
15221,4
11775,0
3052,0
1632,2
11534,4
8274,0
6596,0
14883,6
11994,0
7928,0
14752,0
14934,0
1678,0
3023,0
7667,0
9418,0
2329,0
1701,0
8205,7
8006,0
7921,0
8175,0
14418,3
14212,0
8139,0
11653,0
8204,3
8586,0
12874,0
11685,0
1691,0
3269,0
12181,0
3130,3
11978,0
6908,0
14777,0
7416,0
2479,0
11771,1
11507,0
8284,0
14200,5
13838,0
8372,0
14516,2
7329,0
9424,7
6376,5
3321,0
7193,6
12390,0
14416,7
13920,4
7835,0
2219,0
14306,0
15000,0
7059,0
11948,0
7238,0
2111,0
8135,3
6494,0
13902,0
14275,0
1803,0
3035,0
8050,5
13464,0
8056,0
3085,3
7362,4
6285,0
1681,0
2554,0
7247,0
2692,0
12633,0
13727,0
2979,0
13039,0
13358,0
14181,0
12402,0
12910,0
2497,0
6936,4
12092,0
8395,0
6505,3
11526,2
9076,2
11598,0
13687,0
88,0
11542,0
11498,0
6493,0
13782,0
8011,0
8193,0
2310,0
14250,0
12363,2
6271,0
8316,0
6502,0
12864,0
2347,0
2729,0
14840,0
6181,2
6391,0
11674,0
14254,3
9544,4
2359,0
11817,0
11478,0
14449,0
13676,4
26,1
14190,0
12329,0
1748,0
6604,0
1879,0
2509,0
8589,0
12739,0
15124,0
11616,0
11806,0
2495,0
6981,0
6492,0
15005,0
8108,0
9521,0
2693,7
14043,0
2307,0
13924,7
13533,0
11787,4
12558,4
1943,0
14392,0
7956,0
15013,0
2496,0
12785,0
13765,0
2151,0
12441,0
7689,4
9048,2
9109,5
2057,0
13668,0
6904,0
14485,0
11532,0
13955,0
8348,0
13371,0
1634,0
13900,1
7198,0
6941,0
12507,0
13338,0
8060,0
8300,0
11466,0
9159,0
14131,0
6924,1
9557,2
2799,0
13517,7
2427,0
7156,0
12519,0
9287,6
91,0
1736,0
12479,0
11931,0
7087,0
11697,0
15169,3
1782,0
7665,0
2532,0
7602,0
12985,0
2106,0
1665,4
12460,7
7022,0
12384,0
6265,1
12334,7
13076,0
13450,0
8486,0
12482,5
3215,0
14630,0
7958,5
3173,5
8503,5
13999,3
13280,5
11599,0
8285,0
12588,3
13716,0
6544,0
3144,0
6769,0
8268,0
2615,0
2993,1
7393,1
13253,0
15083,0
6898,0
3184,0
12028,7
7659,0
13551,0
8076,0
2112,0
7577,6
9412,6
2097,0
7239,3
2762,0
12647,0
7296,1
8590,0
6617,7
12803,0
14076,0
14796,1
14728,0
12950,0
13137,0
2975,0
13476,0
7839,5
7357,0
14725,0
9231,3
12835,0
12034,1
1699,0
15022,1
1916,0
14637,0
12480,0
3364,0
12344,0
6103,0
1846,0
12180,0
9336,4
13896,0
3220,1
7038,0
1867,0
2442,0
14246,0
2174,6
13279,0
15196,7
13287,0
6200,4
12138,0
8063,0
11798,0
9045,0
9570,4
2941,0
14920,0
37,2
13144,0
12167,0
9156,6
6640,4
9311,7
7070,0
13602,0
14986,3
7446,0
13277,0
7914,0
6326,3
9106,0
13684,1
8533,0
13670,0
7711,0
11205,0
6724,0
7353,0
6864,0
9465,6
1728,0
7559,0
2171,0
7870,0
13581,0
14854,0
6868,0
6408,0
9066,6
7155,0
9511,0
6557,0
12018,0
11370,0
2261,0
6832,0
7948,0
13933,0
8597,4
12005,0
14114,0
3273,0
64,0
13810,0
7530,3
11835,0
3125,0
7027,0
1668,0
13223,0
7224,0
14678,0
2915,0
11659,0
2319,0
7691,0
8159,4
13711,0
3076,0
1793,0
12646,5
12232,0
14353,0
7385,0
6549,5
7878,0
7106,0
14084,7
6809,0
2237,0
3272,0
8416,0
8013,0
6591,0
14368,0
7844,0
8352,0
2588,0
2425,0
8291,0
12003,0
13536,0
1964,0
6504,0
14867,0
12912,0
2637,0
3168,0
12030,0
2836,5
2633,0
9169,1
13017,0
9265,0
12490,0
12634,4
8038,0
14601,0
2605,0
8581,0
13352,0
12511,0
13693,5
2345,0
7280,0
14442,0
14059,0
1920,5
2825,0
8429,0
14897,0
9087,0
11938,2
13343,0
11936,0
2764,1
2863,0
3098,0
8617,0
12925,0
6417,0
11537,0
1872,0
6636,0
9027,0
13851,0
6732,4
6338,4
3006,0
6808,0
12449,0
13872,0
14367,0
7684,0
6288,0
6577,0
12207,0
7806,0
15241,0
6543,3
3254,0
2846,0
12502,0
9199,0
6545,0
2478,3
14944,1
11546,0
12357,1
6448,0
12066,0
12810,7
12080,0
15046,0
2443,7
14216,0
14320,0
14910,0
1589,0
2483,0
8147,0
2980,0
14507,0
13963,0
7525,1
2376,0
13491,7
1630,1
2756,0
15138,0
11595,5
7231,0
12495,7
14433,0
14537,0
2183,0
15020,0
13827,0
12635,3
132,4
9028,4
6482,0
14465,1
12831,0
12774,3
2173,3
9074,0
6778,0
7696,2
7108,0
11470,0
12834,0
14502,0
11527,0
14973,0
2178,0
122,5
14597,0
14807,0
7887,0
12132,0
1646,3
1735,0
12048,1
7673,0
8118,0
12792,6
8189,0
7891,0
85,0
14125,0
13377,0
15158,0
14772,0
2558,0
14795,0
7570,0
2085,0
14489,0
7015,0
6377,0
8329,2
11725,6
14214,3
42,7
14769,0
12659,0
14793,0
11561,4
2311,1
2852,0
13487,5
7135,0
8481,0
8109,0
2255,4
11889,0
7105,0
7916,0
13698,0
8314,0
7177,7
2240,0
60,5
14644,0
12284,0
2081,3
8478,0
157,0
14895,0
11632,0
7014,0
11327,0
12625,3
2544,0
8564,0
14659,3
1886,1
6415,0
7454,0
9474,0
14645,6
12016,0
13428,6
9480,0
12475,0
14809,0
7670,0
13106,0
8182,0
3345,0
8256,0
14208,0
13565,0
7344,0
12455,0
12109,0
8634,0
6954,1
14075,0
7538,0
7772,4
13333,0
2023,0
2937,0
13454,0
14913,0
13126,0
6682,0
7265,1
2592,4
9128,1
14140,0
7183,0
13249,4
7532,7
2791,0
7467,0
6581,0
11517,0
2981,7
9428,0
6261,0
3193,0
12108,0
7133,3
12930,2
2431,0
6716,0
2169,0
11622,0
33,4
7735,0
7979,4
2833,0
14257,0
12083,0
12794,7
8195,6
12624,0
14255,0
3325,0
13302,0
2933,0
13389,0
2156,0
14766,0
2572,0
11956,0
12204,0
1958,0
1963,1
9370,3
1733,0
9237,1
12134,4
12122,0
7339,4
1949,1
2100,0
12333,0
12271,0
7461,0
14441,0
12346,0
12813,0
11960,6
12718,1
3343,0
12890,0
14792,6
1919,0
14085,0
2929,0
12027,1
12457,0
6363,0
14974,0
8145,0
6935,0
3000,0
12598,0
13688,0
11812,2
8187,0
1618,0
8007,0
1865,0
7074,0
12101,5
14468,0
7613,4
12899,0
6717,0
2457,2
3202,0
13758,0
58,0
13125,0
12671,0
12074,0
13866,7
8093,0
11709,0
1954,6
9094,7
7825,7
15184,0
13914,0
2336,0
13168,0
13391,0
13529,7
13276,0
12323,0
11607,0
13127,0
2491,0
6071,2
2663,0
13695,3
14231,0
2346,0
12238,0
14041,5
8520,3
13666,4
13064,0
14088,0
11863,0
2895,0
11778,4
8383,0
46,0
13648,0
13297,1
15178,0
9504,0
3222,0
14759,0
12681,0
12170,3
8591,0
11452,0
9536,2
13514,0
7996,0
8305,0
8232,0
12340,0
11871,0
7770,0
9561,0
13080,0
14483,0
8082,6
11667,0
13294,0
14217,0
12130,0
13246,0
3062,0
11768,0
14501,1
14111,0
96,0
8235,0
1837,2
12806,0
118,7
2963,0
13152,0
13964,7
13899,0
7605,0
11454,0
12263,7
2078,0
12721,0
3051,0
8487,0
13142,1
13852,1
7760,0
14640,0
11651,0
2523,7
7364,0
14420,0
11693,0
7159,0
2295,1
11707,0
9532,1
7383,5
12004,6
13348,0
3063,5
14734,2
6226,0
14227,0
12193,0
15018,0
7472,0
11479,6
2727,0
14180,0
9408,0
7267,0
2907,0
13959,7
6655,0
3156,0
9204,5
3295,0
3175,0
12137,0
7173,0
1874,0
7595,0
9488,3
13659,6
9096,2
2906,0
12683,0
6865,0
13465,0
12776,2
9385,7
2619,5
6534,0
2689,0
2624,0
13448,0
12963,0
2405,0
2373,6
2493,6
12964,2
1855,0
13928,5
13330,0
8565,0
1841,0
6567,2
3041,0
11983,3
14535,0
2903,0
6998,3
6329,2
1866,0
12127,0
6710,0
7977,0
8249,1
1996,0
87,0
6849,1
14316,0
12257,0
14707,0
14228,7
12639,6
13618,0
13408,0
1903,0
8257,0
3255,0
7800,4
13848,0
13550,0
9210,2
1551,0
2630,0
15042,0
12987,0
6770,7
8154,0
9348,3
15014,0
3091,0
15048,0
9581,0
12524,0
7954,0
12891,0
11872,0
2719,0
13030,4
6902,1
13207,0
6500,4
15091,4
11947,0
8083,2
13025,0
14205,0
7964,0
11608,0
6322,0
14341,0
7072,3
9124,5
9423,0
11786,3
2133,0
11483,0
8260,0
14665,0
12882,2
7718,0
2079,0
6565,0
3384,0
2280,0
6487,3
9024,0
12251,0
12417,4
14595,0
12203,0
1710,0
11731,6
7112,0
14093,0
8171,0
11579,0
8161,0
8511,6
9454,0
7043,0
11617,7
7748,0
14886,0
14543,0
14013,5
7899,0
2897,3
2920,0
13104,0
6291,0
14625,0
12121,0
6876,0
13982,0
14256,0
2103,0
8433,0
15235,5
11980,0
3069,0
7312,0
13547,0
2096,0
12301,0
1809,0
9038,0
6309,0
13020,0
8115,0
12198,0
6533,0
3210,0
7044,0
12626,0
2168,4
7122,2
7881,0
8552,0
15066,2
7370,6
12574,0
7902,0
156,0
7972,0
9219,7
12935,7
14126,0
9562,1
6222,0
8084,0
9494,0
12632,0
2567,0
12669,0
3228,0
14313,0
12960,0
2913,0
9342,5
8322,0
6800,0
14187,0
8277,0
6198,0
7562,0
14151,2
6340,0
15004,0
12389,0
8242,6
11647,0
8071,0
1659,0
7352,0
9390,0
2533,0
2802,2
13559,2
8141,3
13808,1
13994,0
12178,0
7249,0
7888,0
14300,0
14326,4
3197,0
9400,0
1526,0
1998,3
14495,0
14569,0
2198,0
2574,2
1698,0
12135,0
14481,0
7354,2
12061,0
1913,0
14249,3
2822,1
3387,0
7623,5
7698,0
15107,0
8017,4
12699,6
7556,5
11974,0
8570,0
9244,4
13192,0
1627,0
12666,0
3182,0
11996,2
2562,0
14710,7
14451,0
2370,0
14733,0
12289,0
8089,0
9251,0
14016,0
12179,0
2742,5
6414,1
8290,0
13401,0
8004,4
1828,0
12216,7
6341,0
7810,0
11564,0
6260,2
14822,6
8281,0
12830,0
3219,0
8513,0
145,4
13990,0
14711,0
14132,0
6816,0
2564,0
11671,0
7794,0
12245,0
8106,0
36,0
8451,0
2413,0
14815,0
8194,6
9136,7
6997,0
12269,0
2389,0
14539,0
13093,0
6246,0
14487,0
2262,0
2402,0
13472,0
7392,0
2211,6
15216,0
3145,0
6987,0
6370,3
6978,0
14744,5
12713,5
9177,0
2232,0
13410,0
12373,0
9359,0
13792,6
12021,0
2201,5
8476,0
9363,1
14024,0
13929,0
6136,0
13572,4
9040,4
14673,5
7900,0
12223,0
14590,0
13220,0
9259,0
7699,0
13864,5
7828,0
12554,0
13057,0
1891,0
7006,4
7620,0
11754,7
7433,6
12614,7
8123,0
7487,1
13948,6
11758,0
2054,0
8453,0
14253,6
13985,0
2893,0
14783,0
14273,0
6220,0
12829,0
12583,6
1772,0
6922,0
3105,0
7516,0
2436,0
2882,0
14677,0
8311,0
7089,0
1775,0
13311,0
7604,0
8230,2
15180,0
12000,7
9393,0
14904,0
7830,5
7459,0
13278,0
14424,0
6812,2
12952,0
7368,0
8001,0
14196,0
11928,0
14554,0
2127,0
13862,0
8436,0
14356,0
13420,0
15052,0
2595,3
11694,0
14688,0
13494,0
2263,0
2102,0
68,0
1974,0
2095,0
13069,0
13741,2
11649,0
8560,5
13867,4
12608,2
12458,0
14749,0
12546,0
8403,5
12819,0
6758,0
13226,0
6664,0
7290,2
6696,0
6313,0
2045,0
13159,3
14632,0
2287,0
14568,0
1947,0
7603,0
14206,0
12051,5
2988,0
13161,0
15165,0
6147,0
12234,3
14497,0
6804,0
14572,4
7555,0
14596,0
12805,0
2360,0
3357,0
2804,0
2844,1
2701,0
11864,0
12520,0
6806,0
12999,0
14406,0
2641,0
8562,4
15175,0
11990,0
9086,5
2477,5
13288,4
14116,0
14530,3
13973,0
3028,0
14992,0
8544,0
14490,0
12553,0
1588,0
13841,0
9267,3
1888,0
3082,0
8506,1
15215,0
7144,4
1881,6
14929,0
2313,0
8422,0
9274,0
11467,0
14152,0
2189,0
11512,0
1759,0
3183,0
9476,3
12472,0
7594,0
13840,0
14703,0
2525,0
6193,6
6600,0
14947,0
7657,0
11998,0
3018,0
7873,0
3070,0
13170,0
7369,0
13718,0
6374,0
15068,0
12545,7
12272,0
6845,5
2759,0
11704,6
13174,0
6701,0
13883,0
13443,0
8489,0
7324,0
12756,0
7807,0
6350,0
7992,0
11504,0
14889,0
15027,0
7915,0
13801,0
7218,0
11959,4
6885,0
9256,0
11970,0
12356,0
14976,2
1868,0
13498,4
6911,6
7319,0
3385,0
2194,0
9440,0
11856,0
9032,2
9527,4
39,0
12862,0
12791,0
7016,1
8022,0
7700,0
2285,0
8496,0
12031,1
9566,0
3059,1
13085,0
1,4
11547,0
2940,0
7337,0
1851,3
11961,7
14407,0
2649,0
11901,0
15111,0
7109,0
13143,3
13889,0
6805,0
2429,0
9108,0
12353,0
2306,0
14110,0
13423,0
6594,0
14017,0
13795,0
12804,2
3172,0
14753,5
13217,0
12375,0
6589,0
2871,0
11898,0
13512,0
12995,0
7327,0
14105,0
11841,3
2498,7
2333,0
2512,0
9149,4
13012,0
14029,0
35,4
2308,0
9360,6
6949,0
13826,5
7098,0
13239,0
1594,0
12764,0
7817,3
11748,2
2796,0
12965,0
2473,0
9365,2
6977,0
9091,7
6715,3
7153,0
12769,0
11968,0
2318,0
13027,0
7504,0
9464,7
6639,0
7078,0
14737,0
14967,0
9411,0
7704,0
13974,0
7606,2
2052,0
13655,0
2632,0
3241,0
2119,6
7675,0
14762,0
8538,3
15071,0
3380,0
9057,3
9107,0
2639,0
13300,0
14053,0
12476,0
12385,0
12760,0
6807,0
7057,0
2408,0
2806,0
6207,0
14374,0
13079,0
14977,0
12089,0
2087,0
13575,0
14074,7
13317,0
6886,0
3338,0
6748,6
14959,0
13897,4
8336,0
9116,6
13628,2
9114,1
6611,0
13219,5
9372,0
1912,0
11557,5
12153,1
3027,0
2114,0
12438,6
7317,0
14283,7
12022,0
2763,0
12975,0
7092,5
12420,0
2579,6
13830,0
7355,0
1877,1
14701,0
6599,3
11999,4
13086,0
13006,0
7272,0
12534,0
8509,0
1719,0
11646,0
9080,0
12569,0
2878,0
2842,0
12255,0
11737,0
6928,0
8070,0
7254,3
6527,0
13986,3
13837,0
12914,0
6454,5
6796,0
11706,0
12392,5
7471,0
2996,0
11597,0
15088,0
2327,0
9172,2
12073,0
11854,0
12915,3
6241,1
7838,0
7809,0
13543,0
13107,1
8074,0
14558,0
7974,0
11363,0
13903,0
14456,4
11360,0
11958,0
3198,0
8548,0
6480,4
6541,0
2510,0
7435,0
11939,0
14877,3
1932,4
2157,0
13532,0
2383,0
11732,0
8067,4
2858,0
13768,0
12854,0
15187,4
12024,0
8459,0
15119,0
1909,0
7181,0
2134,0
2657,0
1967,0
12351,0
11416,0
13524,0
7473,0
8553,0
14778,3
12575,0
12187,0
12923,0
3352,0
6403,0
6321,0
9243,0
12968,0
2069,7
7922,5
13099,0
11411,0
13603,1
2362,0
7759,0
6847,0
1613,0
6459,0
3281,6
9320,1
1724,0
3339,0
11811,0
1598,0
12615,0
12013,0
6509,0
2170,0
14046,0
12459,1
1816,0
14565,0
7132,0
2184,0
13571,0
13836,0
14314,3
7578,0
1826,0
8369,0
12922,0
12790,0
7138,1
8286,0
14932,3
29,0
1695,0
13700,0
1721,0
6232,0
9229,3
11733,0
8583,0
6582,0
8601,0
7681,0
15224,5
14457,6
15199,0
12159,4
13888,0
13088,0
3229,0
9432,0
7295,0
2642,0
11552,0
8172,4
8437,0
9122,0
9343,0
12698,0
3019,7
6940,0
14087,0
12332,0
2462,0
6983,0
2441,0
15012,0
12155,2
13049,0
13620,0
8049,0
2955,0
7334,0
14960,0
12540,3
8578,0
12105,0
6528,0
12189,0
43,7
6466,0
14667,0
3026,0
13303,3
9257,7
11530,0
2220,0
8151,0
1572,0
8472,0
13369,0
2678,0
7774,0
9310,0
1621,0
6670,5
14835,0
8243,0
7617,0
11772,4
15097,0
11514,0
1774,0
8219,4
11274,0
14905,0
1934,0
13877,0
13132,4
2669,0
2470,0
11831,0
6173,0
14344,0
13834,0
2032,0
8328,0
14460,6
6344,0
14519,0
2894,6
12489,0
12852,0
7955,0
13147,0
11463,0
2139,0
11715,0
6450,0
1751,0
3279,0
11381,0
14050,0
13506,0
12195,0
12448,5
12106,0
13005,3
13642,4
12863,0
13263,0
9035,6
14355,0
6782,0
6938,0
2504,0
12497,2
13893,0
1887,0
2063,6
13500,2
12309,0
3240,0
11848,0
1878,0
7894,5
12372,0
12582,0
2132,0
11789,0
9380,0
9281,0
12242,2
12436,0
7508,0
13417,4
13434,0
2758,0
12812,4
6951,0
2854,0
7409,0
8600,0
12291,0
8138,0
12740,0
14578,0
3294,0
6680,0
14194,0
9574,0
2519,0
2058,1
9471,7
14757,0
11609,0
9247,4
1915,2
13519,7
3326,0
2191,1
2125,6
9017,0
13329,0
13114,1
1742,0
14504,0
13441,0
6607,0
7941,0
9190,0
12265,0
12585,0
15191,0
15123,0
9022,3
2951,0
2977,0
11642,1
13229,0
1662,0
2839,0
8580,0
13680,0
11508,0
6471,0
2964,0
13129,0
1738,0
2679,0
9170,0
12777,0
12868,0
6431,5
12500,0
8458,0
3278,0
2101,0
11572,0
6435,0
11459,3
13595,0
9059,2
7993,0
2604,4
7223,7
6302,0
13332,0
3058,0
7243,0
6620,0
7543,0
11611,0
6711,0
13339,0
2517,0
14680,0
15208,0
8468,0
6432,0
7690,5
11618,6
2042,0
2053,0
14103,0
1927,0
6764,0
2275,0
2324,0
1788,0
12840,0
9427,1
6645,0
14735,0
6618,0
6227,0
14461,4
7911,0
8016,0
14350,7
8295,0
11425,2
14475,0
13861,0
2190,0
9173,0
1697,0
15103,0
8333,2
12275,2
14576,3
69,0
14969,0
7250,0
14191,0
1858,7
8516,0
2908,4
15229,0
14015,0
15064,0
14669,0
14297,2
8247,0
6823,1
6757,0
9383,6
13267,0
7128,0
3131,3
7294,0
2743,0
7242,3
13871,0
9551,0
2917,0
9290,3
2472,0
9394,2
2,1
6625,0
2450,0
12145,0
9513,0
14493,0
2074,0
2647,0
14814,0
2726,3
3314,0
13735,7
6427,0
13733,0
13385,0
2735,6
1833,0
12771,0
6386,0
14119,0
9549,0
8090,0
2559,0
65,6
2122,0
2862,0
11973,7
2400,0
9228,0
13379,6
15116,0
13875,0
38,2
2176,0
9249,6
1805,1
12636,0
3060,0
12217,0
3072,0
1945,0
11405,0
13021,0
9240,2
13859,0
13233,3
13198,0
7597,0
13626,4
11760,0
2899,0
13637,1
13645,0
12128,0
7867,0
13119,0
12679,7
2247,0
14370,6
6631,0
14289,0
12279,0
2855,0
7341,0
7051,0
3113,0
7932,0
6218,3
2016,0
12525,0
1917,7
1977,1
6314,7
13520,0
7994,3
6776,0
12888,0
12430,0
11566,0
8454,0
3148,0
14697,0
11373,0
6343,0
14322,0
2530,2
7216,0
12253,4
9425,2
1910,0
2843,0
11804,0
7449,6
6276,0
7541,4
2620,0
1811,0
7035,0
2249,0
14674,0
9515,4
14579,0
7965,7
14007,0
2599,0
7713,7
8297,0
14560,4
6628,1
12948,0
1605,0
9258,0
12173,0
7822,0
1946,0
12465,0
11613,0
15140,0
7625,0
7751,0
12165,7
13062,0
11689,0
13545,0
7983,2
8179,0
6870,0
2608,0
14436,0
8426,0
3305,0
11846,0
9492,0
13699,0
14304,0
6731,0
3152,5
13048,0
7804,0
2829,0
7262,0
14828,0
12147,1
9161,5
2546,4
13306,4
3369,0
11718,0
6649,1
14907,0
14713,0
11818,0
11873,0
61,5
12867,0
7785,0
8470,4
2434,6
12815,0
13769,0
7251,0
13564,0
11795,0
13310,0
13183,0
1639,0
2353,0
2159,2
8632,0
13323,2
14198,0
2368,0
7609,0
13009,0
6452,0
6615,0
7134,0
8181,0
13824,5
13761,0
15051,0
8465,3
2026,0
14037,0
3211,0
6187,0
14479,0
9058,2
7311,0
8483,0
7492,0
3107,0
2439,1
13388,0
7558,2
14138,0
7576,1
7356,6
8419,0
9580,0
7013,0
13566,0
12759,0
14936,1
2886,0
2784,0
12148,2
3307,0
13351,0
3032,0
13015,0
2278,6
13274,0
6547,0
2714,6
15131,0
12752,0
12552,0
8211,1
13403,0
6159,0
14755,0
13366,0
8190,0
14223,0
7547,7
9409,0
12559,0
1941,2
3341,0
12221,0
9369,0
13042,3
3128,0
12610,0
11663,2
1645,4
3224,0
7884,0
14583,0
7865,0
8024,0
7246,5
14916,0
9577,0
11664,0
14899,7
14338,0
14379,3
6676,0
15050,0
14803,0
15143,0
12422,0
7047,0
13098,0
7719,0
6255,0
13573,0
9467,3
3071,1
6201,6
8309,4
14505,7
7230,0
11518,3
2587,0
2998,0
14108,0
15120,0
11368,4
6570,0
14658,0
7422,6
11615,0
11861,0
11578,0
6988,0
15104,0
14672,0
13548,0
3308,0
12469,1
9068,5
6583,0
12477,0
11575,0
2049,5
8495,0
15231,0
12393,5
9117,0
1870,0
7203,4
14051,0
2022,0
9041,4
14437,0
2037,0
7860,1
7950,0
8400,0
13576,0
11384,0
12396,0
9558,3
13014,0
8122,0
7080,0
7137,0
15041,0
9297,0
7396,0
13730,0
15243,0
8199,2
7671,0
13732,0
11539,0
2214,0
14202,0
6830,4
13784,0
12994,6
12946,0
2518,0
2044,0
13941,0
2716,0
2449,1
11952,0
86,0
14036,0
6383,2
7274,0
2816,0
2922,0
6148,7
6423,0
13831,0
14349,0
1935,7
2197,2
3031,0
11442,0
1971,0
6859,0
9323,0
8166,0
12313,0
7511,0
7404,0
14527,0
13762,0
12267,0
7178,0
13582,0
8505,0
1906,0
11900,0
9078,1
13478,0
8163,0
7202,0
15198,0
9033,0
12506,0
8231,0
6247,0
13696,4
8236,0
14030,0
12527,0
7845,0
8131,0
9533,0
3106,0
2343,0
14429,0
12288,0
2563,0
3086,0
7320,7
2282,0
12715,0
9420,3
13344,0
8280,0
2807,0
2824,0
14165,6
13347,0
7951,3
12050,0
14070,0
2228,7
13204,0
14991,0
11581,1
11713,0
2754,7
14136,2
7553,7
8258,0
7973,0
9205,1
12972,0
6508,0
13158,6
8248,0
8121,4
6872,2
14307,0
6339,0
12478,0
9518,0
2317,0
77,7
6826,0
14732,0
2034,0
12033,0
8399,0
7456,0
6975,0
13591,0
1993,5
14980,0
14161,0
7934,0
8283,4
14512,0
2789,0
15164,2
6360,0
3244,0
14408,0
7151,0
6629,3
11745,0
6235,7
2417,0
2116,0
14287,3
12241,0
2289,0
13702,0
6857,0
12735,0
11441,5
14874,0
11445,0
1757,0
3293,0
1633,0
8528,0
2959,0
2734,0
14511,0
13248,0
12953,0
9291,0
7524,0
7963,0
12873,0
6937,0
6219,0
8066,0
12641,0
7674,2
14296,0
6695,6
12722,0
14034,0
14137,4
6659,0
14571,0
12512,7
8361,0
8041,0
3117,0
14004,0
13390,0
9499,0
12758,0
13292,0
12290,0
2656,0
7321,0
14857,0
7152,0
2410,1
13774,0
12772,0
12299,0
2570,0
2098,0
6188,5
9319,0
14455,6
3132,0
11678,0
8026,0
8057,0
2152,0
3212,0
9175,0
9203,1
2580,2
11927,0
11628,0
6250,0
12319,0
11472,0
7283,0
7598,2
13846,0
9374,2
9332,7
11568,4
9444,2
14927,0
9482,4
1898,0
6585,0
9285,5
13169,5
14721,5
13673,1
6196,0
1843,0
2556,0
12042,0
14001,0
7816,0
14385,5
13853,1
2777,0
2811,3
11810,0
8126,0
14435,0
13225,5
6152,0
8574,0
11690,0
14094,0
2938,0
12976,0
7021,0
8622,0
14870,7
9431,3
9339,7
15118,0
14128,0
6798,0
14872,0
12169,0
13701,0
3264,0
14785,0
11521,4
8012,0
7474,0
12049,0
120,0
3048,0
9355,2
6305,0
8484,0
13922,0
7257,0
12850,3
12440,0
12119,0
7591,0
7908,0
11726,2
7037,0
6419,0
6956,0
11845,6
2590,0
6540,2
13089,6
3236,5
8595,0
13906,0
6166,0
9073,1
13444,0
12567,0
12020,0
9014,0
2914,0
3225,0
3276,0
116,4
13457,0
3054,0
14403,0
14412,0
11908,0
9215,7
11791,5
13453,0
6143,0
1975,0
13003,0
11380,0
133,2
7095,0
13639,0
2733,7
8542,0
9496,5
2204,0
2396,0
7727,0
14520,0
11858,0
14848,0
12533,0
2744,0
12468,1
2832,7
12431,0
8401,0
12461,0
9230,0
13019,3
7814,2
14668,0
7448,0
6393,3
6842,0
12667,0
6224,0
11591,0
11815,3
15217,0
7226,0
2075,0
14931,7
8265,0
2704,0
6320,7
2392,3
13509,4
12872,0
8362,0
12261,3
9260,0
9275,3
7656,0
2467,0
11520,0
11610,0
27,1
7600,0
13439,0
12800,6
9349,2
2390,0
1755,0
13604,2
9377,3
7773,5
3201,0
14865,0
7439,0
7496,0
3100,0
13156,0
9403,7
13751,0
7571,5
7791,3
12419,0
14894,1
1987,0
6890,5
1853,0
14522,0
6907,2
2831,0
2887,0
11759,0
7282,6
11636,0
15230,5
2837,0
13096,0
11590,0
14615,0
7191,2
6877,2
14915,0
15007,0
8125,0
2264,0
3154,0
6373,0
2175,0
14923,0
13650,0
14966,0
11800,0
1760,0
14654,0
8255,0
9472,3
3376,0
6969,0
14337,5
8428,7
13962,3
8440,0
6498,0
12572,0
12211,7
7685,0
7826,0
8039,0
15078,0
12256,0
14452,0
7273,3
6531,0
14430,0
12622,0
13850,0
2334,0
6361,6
14201,0
11868,0
3258,0
8450,0
14850,2
13146,0
13461,1
9306,0
7896,0
15114,0
9328,7
14790,1
2203,0
11834,1
12630,0
12098,0
7004,0
8360,0
2305,0
2600,0
12213,7
12270,2
13284,0
6833,0
11738,1
6345,0
6486,0
13325,0
14602,4
3298,0
9081,2
12682,0
12156,3
7403,5
7228,1
7114,5
3289,0
9413,0
7855,0
13921,7
14704,0
2015,0
12926,0
7149,0
13726,0
11605,3
11471,0
14091,0
6714,0
1829,0
14566,0
8180,0
13789,0
2130,0
2694,3
7666,5
2113,0
1622,0
12597,0
13315,4
2673,6
11749,0
11887,0
12348,0
9102,0
11884,6
7811,0
51,0
1688,0
8216,0
13649,0
13386,0
13047,1
1619,0
7904,0
12897,0
2061,7
6641,6
11896,0
11565,5
7076,0
6569,5
6283,1
7123,0
14315,0
13597,0
6293,2
12796,0
13874,0
9301,4
15122,0
9395,0
7421,0
12413,0
12474,0
12176,0
12664,0
1754,0
6514,0
2912,0
11362,0
12115,6
3170,0
13103,0
2012,0
2943,4
6674,0
12287,2
2292,5
13363,0
7146,0
1687,2
7187,5
12542,0
13188,3
9132,0
1801,0
2202,0
3372,0
8224,0
14987,0
2671,0
13878,0
12677,7
13340,0
14178,0
12201,0
14609,0
7875,5
12182,1
2274,0
7480,0
8164,0
6766,0
6434,4
8085,0
7484,0
7154,0
13400,0
2681,0
12906,0
13794,3
13232,0
13463,0
1921,0
14779,0
7310,4
2369,0
15139,0
9186,4
12621,1
6572,5
13640,0
9415,5
12171,0
2710,3
1880,6
12580,0
11656,2
12397,3
2749,0
13374,0
14708,4
12901,0
13162,0
12689,0
14981,0
11930,0
1783,0
7211,6
14384,0
2851,0
2566,0
1961,0
9216,0
13452,4
1734,4
12763,0
13260,0
13685,0
6824,0
12908,0
2482,0
6827,4
6521,0
13662,0
14873,0
7939,4
7284,0
14979,0
14839,0
9547,0
13786,0
6971,7
6887,0
14440,0
8390,0
9214,0
2440,0
7655,0
12252,0
6989,0
6665,0
2378,0
8318,0
13355,0
14811,1
12770,2
8207,0
6440,6
7252,0
14423,0
12060,0
8467,0
12808,6
13485,7
2939,0
14325,6
1821,0
12008,0
14463,0
6720,0
7229,0
14319,0
13537,3
2290,0
7443,0
13241,0
6683,0
9456,1
7316,0
9088,0
1631,0
12880,0
2947,1
3164,1
9135,0
12310,0
14878,0
2880,1
6666,0
6867,0
6985,1
15015,0
8110,0
12586,0
8324,0
8080,0
3207,0
7693,0
3143,4
7903,0
13807,0
14139,7
15245,0
6270,3
14032,0
14157,6
11879,0
1810,0
13456,0
71,0
13481,0
6433,0
2511,0
3365,0
8434,7
6634,2
6702,0
14550,2
7287,0
12262,7
12755,7
11972,0
6535,2
9089,7
2027,0
11954,7
12599,0
2921,0
3096,0
6863,1
7512,0
12568,0
14229,0
3347,0
2680,0
14538,0
13393,0
14917,0
12036,7
14975,0
7039,0
11499,0
6421,0
7729,0
8551,0
12439,0
14742,2
2502,1
2126,0
11742,3
7771,0
14510,0
8288,0
13653,0
2757,0
9286,0
8081,0
13660,4
7366,0
14057,0
1780,0
2767,5
6593,0
9446,0
2150,5
8208,0
12186,0
12038,0
2614,4
2707,3
1994,6
8043,2
15117,0
7405,4
2375,0
12529,0
44,0
11781,0
6654,0
6248,0
13558,0
3359,0
12151,0
13594,0
11906,5
2485,1
6912,0
12584,0
12703,0
14226,0
9470,4
12515,0
8625,0
93,0
2602,0
14534,6
7127,0
8263,0
13767,0
9497,0
11865,0
1862,4
12934,3
14060,0
13480,0
11913,0
3047,0
6539,1
7054,0
8279,7
7966,0
2028,0
3227,0
3010,0
7263,5
7777,2
11465,2
1766,0
1683,0
1914,0
2543,0
2294,5
7989,0
2845,0
2904,0
6817,0
9327,0
7268,0
7050,0
121,0
13568,0
13513,0
3216,0
7587,0
6761,0
13703,6
13492,0
13194,4
8596,3
6242,5
14906,0
2331,0
3084,0
13907,0
13361,0
6791,0
8421,0
6801,0
14286,0
13084,0
12330,0
12347,0
13664,2
11866,0
7709,0
3025,0
8330,0
14586,0
2869,0
9171,0
2769,1
11545,0
12691,0
13046,0
6672,2
7829,0
1769,0
9457,0
3250,0
12743,7
13636,0
13539,0
7668,0
15177,0
11836,0
6747,0
12317,0
7024,6
2492,0
12594,0
63,2
3014,0
13477,0
13160,0
1869,0
14823,2
12993,1
7588,6
15193,2
15209,6
13934,1
6206,0
2040,0
8254,0
12707,0
9571,3
7712,4
15176,0
13121,0
15080,0
9193,7
7141,0
14100,0
13501,0
13419,2
12668,0
14924,0
6968,0
9084,3
12690,0
13714,0
6578,0
12565,0
7388,0
13991,6
13731,1
7328,0
7936,0
2270,3
3171,0
13394,3
7961,0
8160,0
3371,0
13261,1
7573,6
8332,0
13744,0
11903,0
14686,5
6548,0
3157,0
13690,0
7332,0
7466,5
8173,0
13314,0
6939,0
7445,0
11892,0
3158,1
7584,0
8379,0
12853,0
13011,0
3245,1
2283,0
13108,0
1637,0
13832,0
2325,6
14642,0
2950,0
12026,0
2859,0
2688,0
12224,0
6467,0
8594,0
7523,0
1669,0
1875,0
11723,0
7841,0
14396,0
7207,0
6810,0
7069,0
2140,4
7176,0
13705,0
9218,0
15058,0
8264,0
2419,0
8500,0
1629,0
12704,0
14277,0
2594,0
6334,0
15089,0
7683,0
3316,1
7258,0
14164,0
6841,0
3206,0
6141,0
12208,2
11953,0
14014,0
8302,5
2179,0
13661,0
12136,0
12374,4
12783,0
6399,0
8198,0
8557,0
11832,2
9582,0
12516,4
6205,0
7664,0
2181,0
15202,0
12535,6
7633,4
7102,2
2552,0
14999,0
1893,4
2091,0
15186,0
9178,3
2186,0
12649,0
14616,0
1861,0
2364,2
9067,4
2655,6
2302,0
8215,0
11967,0
14272,0
14364,0
14390,4
6506,6
2099,0
8203,0
12982,0
7513,3
14902,0
13065,0
13051,5
12992,0
13135,0
7528,0
14606,1
14972,3
8222,6
1608,0
11589,0
2372,0
2146,0
1720,0
7338,0
9266,4
2794,0
12746,0
3283,0
8341,4
14636,1
14453,6
3150,6
7120,3
6146,0
3287,0
12371,4
7618,0
9525,0
6474,3
11711,0
6616,1
8051,0
8587,0
2520,4
11923,1
12619,0
9119,5
14309,0
11830,0
2018,7
13244,0
7012,0
11727,0
6952,0
13032,0
7208,0
6993,0
6785,0
7859,6
12025,0
7706,0
11922,0
14951,0
8628,0
7967,4
14604,2
12801,0
3119,0
6667,6
6671,1
6429,0
2995,0
12118,0
13740,6
11717,0
2047,0
12278,0
3317,0
7842,0
8613,0
6896,0
9303,5
7103,0
9125,6
2273,0
12046,0
11816,0
8306,0
3315,0
7026,0
12539,4
8130,0
12058,0
14318,7
9543,5
8550,3
7314,0
7382,0
6281,1
11867,0
2454,0
8008,0
7976,0
2309,7
2785,0
9049,6
7276,0
12386,0
14150,0
2451,0
6221,0
12452,0
1712,0
2881,0
14949,0
7313,2
9313,0
14508,0
13230,0
6551,0
6729,0
12273,0
6763,0
9550,0
7475,0
11524,0
13935,0
6130,0
6526,0
7167,0
1580,0
2213,0
6707,0
6236,0
7905,0
6488,0
7801,0
12365,0
7169,6
7563,6
2348,0
7995,4
14073,0
9483,4
8020,0
6564,0
6400,3
1715,2
9213,5
3177,0
6586,3
2625,0
12731,0
2609,0
12550,0
2611,0
3029,0
2569,0
9564,0
11851,1
3017,0
13283,0
11620,0
1680,0
12006,0
13781,0
14363,4
14746,0
6483,4
11431,0
13471,0
7601,0
12898,0
12336,0
11809,0
14639,0
6606,0
7987,0
12600,0
12729,0
12612,0
7028,3
7058,3
14210,0
8238,0
13709,0
12980,0
1616,1
14409,0
12444,6
8185,0
8559,0
12518,0
7235,0
13016,0
1577,7
12696,0
3043,0
12563,0
7638,0
12723,5
12467,0
13720,0
2711,0
12294,0
13828,0
2024,0
2999,6
9221,2
11374,0
13764,0
7731,0
13632,0
7764,0
12454,3
15085,0
12670,0
14096,0
13802,0
13026,3
13750,0
13546,0
13579,3
11555,0
13218,7
6251,0
13335,0
11981,0
12041,0
6346,3
12172,0
11824,0
14763,0
8114,0
14831,0
7113,5
13715,1
7391,5
6465,7
9060,3
13619,0
7946,0
12648,0
6906,0
2753,0
2487,0
2387,0
11502,0
9206,0
9486,4
14816,0
7803,0
7171,0
14393,0
11783,0
12306,0
3253,0
15222,0
1981,4
7872,0
1707,0
8462,0
6349,0
8633,0
14843,0
3039,0
1854,1
15110,0
14120,7
13531,2
1908,4
13783,0
9586,0
7395,7
8112,0
14427,0
7707,7
7210,0
1602,0
12692,0
7724,0
7447,0
97,0
11987,0
6208,0
11614,0
2494,0
2969,0
14473,0
14232,0
7182,0
6787,2
14366,0
12369,4
12037,0
1654,0
13368,0
3101,1
2522,0
2055,0
14144,0
2421,0
13887,0
2039,0
8603,0
9226,3
12164,1
1730,0
9387,0
13082,0
9063,3
14130,0
34,0
8034,0
14380,1
14671,0
8228,0
15108,0
12416,0
76,3
14525,0
12514,0
12845,0
2814,0
14754,0
13586,0
2966,0
9054,3
8411,6
1671,0
14167,0
2771,0
9459,0
2019,0
12973,0
11406,3
12125,0
2909,0
2864,7
7427,0
13631,0
14892,0
2715,0
2448,0
2418,0
13197,0
1635,0
14896,0
7453,0
9347,0
13101,0
12205,0
2699,0
6750,4
2618,5
8221,0
11640,0
6387,0
3199,0
13318,0
7832,0
14219,0
6478,0
9245,6
13516,0
8427,2
1957,0
6171,0
11890,3
14781,6
13542,0
13775,0
14476,0
12652,0
13002,0
6895,0
14038,0
119,4
2718,0
13549,0
7886,7
6436,0
14211,0
6882,0
8140,0
13411,0
14251,0
6394,0
7680,3
7705,0
12551,2
6689,4
14195,0
11971,0
12320,0
15045,0
12936,0
12871,0
7261,2
6584,7
9353,0
2723,0
2675,0
6176,0
2424,4
1966,3
12184,0
12017,0
6568,0
6779,0
7136,0
13515,0
6772,7
8606,0
8502,0
3042,0
14666,0
12450,3
7969,0
11992,0
12799,0
8555,0
1778,0
1960,0
14352,0
1835,7
14189,0
3179,0
9314,2
12383,0
15024,0
2648,0
8413,0
1677,0
13462,5
8492,0
11535,6
6195,0
12268,0
6588,3
3056,0
7185,0
2216,0
2455,1
7291,0
7788,0
14278,0
11860,0
2867,0
9462,4
9337,0
2873,0
9195,0
2638,0
12959,0
13847,0
13656,0
3323,0
2420,1
2009,0
13193,0
14284,0
11367,1
6995,0
12885,0
9481,1
9404,0
6356,0
1599,7
12581,0
12781,3
6848,0
6316,0
15232,0
6726,0
13413,0
7616,0
8417,0
14544,0
12133,0
11686,0
7248,1
14559,0
14491,0
14730,0
81,0
2460,0
2665,0
7619,0
8005,0
13245,0
7469,0
2447,0
6850,0
8337,0
6402,3
14662,0
13811,0
14365,0
95,0
7637,7
7717,0
14693,3
12778,0
15137,0
3302,0
9520,0
9361,2
3332,0
11420,0
13319,0
2961,0
12761,0
11785,4
13521,0
8326,7
12076,0
7749,0
8388,6
11386,0
2690,4
14377,2
8614,0
6426,2
7434,0
14634,0
13178,0
12817,0
9576,4
9071,7
12085,0
13842,0
14063,0
14876,0
8536,0
12617,0
7346,0
13189,0
7761,0
8044,4
6790,0
11379,0
7708,0
14369,0
3178,0
2787,0
15082,0
7009,0
12970,0
6803,4
12660,0
8375,0
2775,0
8035,0
13672,1
2354,6
7978,0
14506,0
3265,0
11541,0
13981,0
8202,0
13527,0
9123,0
12102,6
14171,0
12997,2
13436,4
8196,0
13942,0
6424,0
8220,0
6177,0
2660,0
6460,0
2772,0
14381,0
13416,5
7270,0
7644,0
13886,3
2813,0
1799,4
13405,0
12838,3
13694,0
6774,0
7836,0
12243,2
11751,1
13295,0
1716,0
2314,0
12227,0
138,0
4,0
14218,0
1777,7
6164,0
3092,0
7065,0
7188,0
14858,0
8621,0
6442,0
7780,0
6330,7
12367,0
7322,0
13022,0
12231,0
12302,2
14838,0
13884,0
9509,7
14517,3
6157,0
8275,0
13191,1
2193,5
12196,0
8640,0
7255,0
2684,6
15192,0
11574,0
13202,0
14446,0
13756,2
15099,0
2033,0
6835,5
13953,0
15115,0
6405,4
6367,0
3378,0
78,6
1750,0
6352,0
6477,2
9463,0
11963,3
11585,0
6603,0
9272,7
2805,0
8128,0
11587,0
14614,4
11741,4
7545,6
2276,7
1979,2
14154,1
7351,7
12240,0
13926,0
12047,0
13777,0
7654,0
9163,0
12676,0
13913,7
13958,0
6752,4
1859,0
13593,0
7412,0
14234,0
8452,0
1611,4
8040,0
12883,0
15062,0
13553,0
9406,3
7297,0
3049,0
8563,4
2930,0
14794,0
12116,0
7991,0
7380,0
12528,0
6179,0
15094,0
14935,4
9442,5
6279,2
13149,0
14712,0
6441,0
12719,0
12869,0
12380,6
12562,0
13613,0
3358,0
13321,0
14541,0
11630,0
2736,0
11847,0
14224,0
7488,0
13139,0
13281,3
13535,0
2323,0
12876,7
2221,1
14971,0
6880,0
2792,1
7642,0
136,2
2344,0
7767,0
14758,0
13354,0
12510,0
11925,0
7676,0
8298,0
8504,0
2394,6
13185,2
15019,0
3310,0
11705,3
12971,0
12773,2
8201,0
13117,0
14647,0
6658,0
13937,0
8371,0
7174,5
12606,0
7805,0
11945,5
6398,0
8630,0
12185,0
7687,0
1953,0
2677,0
8572,0
2948,0
13237,0
1840,0
8079,0
13704,0
11757,3
6331,0
2503,7
14635,0
2668,0
11457,0
14172,0
13432,0
1658,0
8343,0
2868,6
12913,2
14812,0
7325,0
9154,4
13427,0
14454,1
1856,0
9103,5
14617,0
7897,0
13719,0
12593,0
8214,2
9051,5
12695,0
8047,0
9367,0
14044,0
140,0
9191,7
3137,0
9077,5
13708,0
9318,6
6446,1
12209,0
7318,0
7300,0
7694,0
7045,0
12328,1
8077,0
12979,3
11413,0
9180,7
6592,1
11681,0
1952,0
6970,0
2765,0
12166,0
2731,1
6931,7
15170,0
9174,5
7219,0
14311,0
14515,0
2982,0
13430,0
7590,0
13440,7
14503,1
13482,0
3284,0
1907,0
13574,6
8442,0
49,0
9147,0
12856,2
8253,0
7358,0
12002,0
2117,3
1938,0
7271,3
13406,0
7784,6
9503,0
13881,0
14466,5
6364,0
11897,0
7094,6
6449,3
9146,0
12343,0
11621,0
6563,0
6829,0
11422,0
14580,0
12903,0
14651,0
12662,3
24,0
15065,0
8014,7
14176,6
6153,0
7066,0
2452,0
2750,0
6773,0
2172,0
7190,1
6258,0
2576,1
11729,4
8356,0
8610,0
2827,0
6964,4
7452,0
2226,1
13212,0
8068,0
1823,0
13100,0
13470,0
15021,0
14745,0
15214,0
11596,1
9542,0
3366,0
6516,0
13307,5
7847,0
8558,0
2397,0
13458,0
14882,0
6994,0
2108,0
8624,0
7414,0
8338,0
11740,0
12382,0
9479,0
2000,0
3243,0
9042,6
2760,0
6167,0
13976,1
3108,0
14242,0
1997,0
3251,1
2384,0
14263,0
9052,0
9261,0
14498,0
3066,0
14008,0
6407,0
14743,0
2774,6
7350,0
2107,1
2110,0
14186,0
7663,7
2300,0
2578,0
2090,0
12110,0
9239,0
14162,4
7786,7
15081,0
9140,0
14006,0
12564,0
12748,0
12688,0
8312,0
8584,3
12023,0
12503,0
2227,0
2415,0
13780,0
12939,0
15029,0
12949,3
14401,0
9484,0
11995,0
6252,0
11988,0
13240,4
8319,0
14690,0
2238,0
7410,0
1609,0
9358,0
11684,0
1904,0
7093,5
3078,0
13308,0
13641,0
13822,0
2898,0
2974,3
13396,0
7397,0
14719,0
13291,0
14462,0
7077,0
14718,0
2746,3
2391,0
7002,0
15157,0
9498,5
3083,0
7104,0
11503,0
7142,0
12744,1
14477,1
1896,0
15076,0
8308,4
9578,0
1673,0
12434,0
2582,0
14695,0
12866,0
8234,0
13265,4
13815,0
15038,0
28,0
2239,0
13609,0
7200,0
11680,0
11736,0
8357,0
6909,5
6688,3
3336,0
7007,0
2603,0
3350,0
11716,0
6662,0
12062,0
7477,6
12675,0
2968,0
13234,0
2761,0
14443,0
13915,0
2406,0
8244,0
8095,0
13819,0
7436,5
3003,0
6839,1
8048,0
13599,0
14826,0
9085,0
11450,0
3134,0
9477,3
14768,0
11977,0
13063,3
14851,0
15063,2
7073,6
12561,0
8406,0
11692,0
8212,6
14819,0
6866,0
2147,0
14532,0
1641,0
2358,0
12494,0
12341,0
12308,5
13615,0
13110,0
15059,0
13692,0
12433,0
12944,4
13674,0
13196,0
11920,0
7631,0
11929,0
6496,0
13118,0
12717,0
13123,0
2589,0
2926,0
14788,0
15240,0
14343,0
12818,0
13608,0
14027,0
11827,0
7725,0
12712,0
13094,0
7055,0
12827,0
12303,0
14434,0
6554,3
13141,5
11774,0
2469,0
7850,2
3121,0
3002,4
6318,0
6468,0
8354,0
12150,0
8137,3
13328,0
12001,0
9567,0
11625,0
8092,0
14292,2
12826,4
14109,0
12100,0
13839,0
2321,0
12894,0
9212,7
2167,0
6834,0
7071,0
9308,2
8087,0
13052,5
6694,0
14193,0
14663,0
9233,4
12292,0
9232,0
13665,0
12168,0
12983,0
13534,0
1537,0
14065,4
7721,5
14933,3
8269,6
14357,0
11747,0
13624,0
7180,0
9144,6
12111,0
11944,1
2874,0
1884,0
3169,0
7130,0
13489,0
12411,0
6447,6
12391,0
7768,0
9540,0
11770,2
14983,0
7866,3
2782,0
2741,6
14230,0
8025,0
14244,0
2990,0
11752,6
9410,0
13035,7
3115,0
12958,0
9379,6
7032,0
12432,0
6317,0
8165,0
13952,0
8445,0
11662,0
7425,0
6873,0
11779,0
13155,0
7913,0
7000,0
1815,0
6133,7
7275,0
3111,0
12943,0
14035,0
6126,3
3104,0
6445,6
11451,2
14573,3
3354,0
7240,4
6874,0
6069,5
6273,5
15098,0
6852,0
13970,0
7401,6
12044,0
2315,0
124,4
11601,0
6523,0
13845,0
14486,0
9491,0
15053,0
8168,0
1791,0
6723,0
7843,0
9429,0
14312,0
11993,0
7702,0
6933,0
2810,0
14262,0
9070,0
15179,0
8561,0
6647,7
11870,0
2446,0
89,2
6573,0
12326,0
7431,0
14308,0
3205,0
2751,6
6299,0
9443,0
6792,0
7938,0
2385,0
2635,0
8252,0
14149,0
14738,0
13398,0
7432,0
6673,0
13754,0
7782,5
7010,0
3277,0
5,0
14574,7
12283,0
8262,0
9458,3
7779,0
12532,5
2781,0
8527,0
3129,0
6561,0
7853,0
3318,0
14545,0
15034,0
12281,0
12618,0
2696,4
3330,0
135,0
14716,0
8482,0
15206,0
9160,4
7091,5
8446,4
2783,0
6234,1
14849,0
11949,0
14687,0
12075,7
8225,6
8078,5
13387,0
2500,0
12311,0
7285,7
8575,2
12094,0
8510,0
6762,0
14500,0
14774,0
11986,0
12112,0
2682,0
15037,0
7460,0
12665,3
2412,7
14575,4
13916,1
3319,0
14837,0
8250,0
13590,0
13337,7
14750,0
13557,0
9095,4
8378,0
6215,0
7166,0
1923,0
13651,5
14260,0
14818,0
15069,0
13070,0
7379,0
12832,0
8582,0
6721,0
14810,5
12753,0
12900,0
7333,0
14496,0
11885,4
12932,0
7747,0
2459,0
3001,0
6580,0
9090,0
14342,0
2149,0
6619,0
7514,7
9031,5
12126,0
13007,0
14134,0
6753,0
1929,0
14761,0
12401,0
134,6
6469,0
13090,0
15213,0
14079,6
7561,0
11844,0
1604,0
2222,0
1924,0
8374,0
9278,1
9345,4
6390,0
13657,0
11481,1
14891,0
9194,4
8218,0
8059,2
11917,0
8612,0
1863,7
12797,5
8261,0
13097,0
6253,0
14722,0
1939,0
12509,0
11501,0
14770,7
8439,0
13138,0
7813,0
9127,4
12197,0
13109,5
7298,0
12990,3
8213,0
14965,0
8323,0
11688,5
7359,0
6587,0
12984,0
6559,0
14398,0
9373,7
13980,0
2623,0
8619,0
8053,0
13504,0
6930,0
13496,0
6510,4
11293,1
13835,0
7308,0
6700,0
14086,0
14801,0
12091,1
12749,4
7489,2
11969,0
12350,4
11777,7
12043,0
14012,2
2840,5
3327,0
9079,0
2121,5
6411,0
1857,0
2192,0
2094,0
14990,1
14264,0
7301,0
6311,0
6264,0
7669,0
12335,0
13078,6
13995,0
9419,5
11696,0
3116,7
6479,0
9585,0
6289,0
2265,0
12210,0
13115,6
7893,0
2551,0
6718,6
14664,5
14378,0
2505,0
9539,7
11511,0
7906,0
7540,0
6759,0
11417,0
14438,0
7107,0
1847,3
13286,0
13580,0
7790,0
6566,0
3,0
12687,0
2702,0
14281,0
6821,0
7101,0
6382,0
8407,4
9524,0
7048,0
14039,7
8517,0
1795,7
6476,3
13689,0
9047,0
1944,0
3226,0
12377,0
6458,7
3103,0
9391,0
13911,0
14884,1
13259,0
12742,0
6693,6
12788,0
11415,0
8479,0
2568,0
3167,0
14222,6
9589,0
13844,3
14175,0
14603,0
2256,0
11862,0
7636,4
6858,0
7864,0
8405,0
11603,0
6780,6
6274,2
6489,3
13327,2
13203,0
8463,0
11429,0
13313,2
11648,0
14911,0
12406,0
7061,0
2561,2
6401,0
3246,0
7463,2
3309,1
7413,0
6555,0
7476,0
8033,0
13979,0
2617,7
12010,0
12246,0
13415,0
12762,0
1814,1
14705,1
2838,0
6962,0
3088,0
14648,0
3138,3
7544,0
13224,0
3081,0
8241,7
9505,0
6491,7
12456,0
14345,0
12577,0
2166,0
9075,7
13570,0
13930,0
14946,3
7521,0
9034,2
12082,0
7049,0
13868,0
3230,3
2272,1
7745,0
14581,0
12609,4
11540,0
11735,0
13301,0
11799,6
6055,0
11964,7
2712,0
11654,0
3377,0
11773,0
13502,3
6913,0
14709,2
6781,7
13904,0
2737,0
12220,0
7924,0
15133,0
2861,0
12905,0
12012,0
14010,0
12828,1
13268,0
14864,0
14185,0
13424,0
7531,0
7429,0
14432,7
1612,3
14022,0
2883,0
1797,0
1902,0
6765,0
6686,0
6692,0
12921,0
3271,0
8532,0
7920,0
13869,0
1649,0
14861,0
14450,0
3065,0
14859,2
2411,0
143,3
14844,0
2654,0
9202,0
9430,0
12481,0
15142,0
2978,0
2548,0
7215,0
13373,0
14901,0
6811,0
2817,6
6576,4
8457,0
14023,0
7129,0
12096,0
7309,0
3282,0
14329,0
8396,0
7090,0
3221,0
11902,0
14912,0
8404,5
7787,0
3097,7
12260,0
14970,0
9262,2
6856,7
13954,4
2997,0
6932,0
7307,0
2371,0
2752,0
9560,0
14650,0
13956,0
6522,0
2860,0
1682,0
1731,0
13380,0
6186,0
1664,0
6900,0
14898,0
2571,0
8335,5
7064,0
1779,1
3351,0
2725,0
7220,0
12192,0
9139,1
11523,0
7365,0
6263,0
7986,0
14548,0
9526,3
55,0
11400,0
2658,0
6254,6
14948,0
3181,1
14288,0
8152,5
13682,0
11548,6
13211,0
15092,0
6742,0
6972,0
14291,0
2138,0
11594,0
14444,0
1655,0
13272,0
9152,2
14271,0
9039,1
2971,0
11593,2
9493,4
6303,0
9097,1
7527,0
8310,6
12214,0
14881,0
2357,0
9165,2
13739,0
7975,1
6238,0
8157,0
8602,0
7214,4
14939,0
3189,0
14055,0
14696,0
14567,0
8149,7
13091,0
7612,0
13349,0
14339,7
11756,0
6420,0
7336,0
2555,1
2414,0
11469,0
2935,2
11453,0
6439,7
2013,0
12233,0
13978,0
11719,0
11941,0
6484,6
7493,0
6560,0
1818,0
1980,5
14646,3
8566,0
11365,0
14068,0
7858,7
12714,0
11702,0
6160,0
15242,0
11882,2
6888,0
7097,4
12596,0
7783,0
8598,0
7918,0
9449,7
11739,1
13442,0
15025,0
14797,2
11839,0
1670,0
7985,0
6552,4
3356,0
14480,0
1995,0
13177,0
8358,0
14058,0
7315,1
1743,0
8209,2
7281,0
11396,1
3340,0
2182,0
6507,0
13073,0
13447,0
90,0
1642,0
13468,0
3188,0
11911,0
9192,5
9584,0
1675,0
8054,0
6228,2
12629,0
6123,0
6300,0
13567,0
13589,0
8493,0
9183,3
2732,0
15109,0
7256,7
11582,0
1930,0
2717,0
13870,0
14988,6
15166,6
8273,0
7535,0
14266,2
7420,1
8240,0
6814,0
15009,0
8237,2
14968,0
11762,0
2972,6
12870,0
6986,0
8229,0
13199,0
14675,0
8271,3
7442,0
2612,0
2801,0
12967,0
14955,0
2986,0
13809,0
15008,4
14042,4
11764,0
14702,0
2720,0
1965,0
2724,0
12322,0
14334,6
11375,0
14095,0
9302,0
15167,0
7264,0
6871,0
6416,0
13728,4
14294,5
12896,0
14600,0
3155,1
2291,2
14591,0
13538,6
7586,0
12398,0
13205,0
13943,5
7503,0
12974,0
7651,0
14890,1
7943,7
14199,0
8471,0
6708,0
13606,0
6444,0
12570,0
6362,0
13724,0
3217,0
1984,0
8466,0
7953,0
11916,0
7611,0
13326,0
14679,0
12730,0
2205,0
1714,0
6266,0
14177,0
14610,0
15026,0
6409,2
7377,3
8350,0
3361,0
1969,5
13153,0
13190,1
14832,0
12409,0
14047,0
11819,0
7882,3
8150,0
14846,0
13569,1
9234,4
13823,0
9093,4
7868,0
14652,0
8377,0
13242,0
7018,0
11402,6
12103,0
12750,0
13033,0
7302,1
7096,7
6684,0
2129,0
9528,4
14203,0
13647,0
14925,0
13816,0
9435,0
7375,0
8501,0
11333,0
12190,0
2730,0
2540,0
12104,0
8526,0
13760,0
8460,0
12920,0
12591,1
9565,7
6756,3
12782,0
53,0
12811,0
1564,5
12427,0
8554,6
8629,0
9575,0
2901,1
11460,0
6470,0
6304,3
13336,0
14549,0
8052,0
3368,0
11544,0
14402,0
7384,1
11869,0
1686,0
14182,5
13540,0
1587,0
14123,0
3136,0
15194,0
11569,0
3114,0
14169,0
14054,0
6371,7
2983,0
8364,0
12236,0
8272,5
2386,0
12741,0
13350,0
7678,2
1685,0
11391,0
2395,0
11712,0
14845,6
9294,0
13691,0
2059,0
13488,0
3045,0
6741,7
11563,0
2536,0
9553,0
12996,0
6738,0
6590,2
2072,0
13561,0
3099,0
11943,0
2815,0
12065,0
8103,0
14040,0
8414,0
14661,0
7752,0
6846,0
14536,0
6802,0
12893,0
13738,0
9227,0
12848,6
13530,6
11658,7
9111,0
15072,0
14871,0
12768,0
13322,0
6503,0
11672,0
3313,0
14540,0
1764,0
13128,2
11877,0
1985,0
13105,0
11833,1
11426,0
1752,0
13987,0
83,0
1768,0
7981,0
9366,7
6257,0
13890,0
12183,7
13083,3
14156,0
11440,0
7041,6
14258,0
12631,2
14938,0
8055,3
12879,0
14160,0
7186,0
11461,0
11560,0
12280,1
14145,1
8424,5
9350,0
48,0
8398,0
3280,0
12143,0
9386,0
6277,0
6942,0
2120,0
9197,0
11984,0
9554,0
6244,3
2407,6
13525,6
12032,0
11905,0
7639,0
2848,0
14107,0
12146,0
7837,0
3053,3
6730,0
14513,0
2885,0
9236,5
13486,0
3329,0
13722,0
12978,0
7640,0
11724,0
6840,0
14293,0
15086,0
7020,4
12816,0
7441,0
8385,0
14834,0
7227,0
7539,0
1940,0
7624,0
13957,0
15028,0
12823,1
9500,0
13376,0
1824,0
12685,4
8620,0
14464,0
14323,0
13446,0
12297,2
1925,0
13968,5
6660,1
2224,0
12787,0
14943,6
11631,0
8420,0
6836,0
8191,0
6485,0
7575,0
12443,0
13013,4
3102,0
7909,5
1648,0
99,0
14954,0
2745,0
12775,0
3257,0
2700,0
13036,0
3186,0
9209,0
6172,0
12029,1
2118,0
8170,6
12160,0
2236,4
2367,4
7495,0
2330,0
12293,0
7710,0
6719,0
8000,0
6632,0
13614,6
11682,0
11767,0
2812,0
6275,0
6515,0
14731,0
12124,0
12846,0
8178,2
12969,0
13438,0
6333,0
7567,2
11641,0
2884,0
15084,7
12342,0
2071,0
12442,0
12603,0
1931,0
1636,0
6462,0
41,7
7082,0
12643,0
7386,0
2341,0
14862,0
2697,0
14561,0
8176,0
6199,0
8579,0
129,6
7029,0
12779,2
14612,7
6359,0
2164,1
14371,0
7912,0
11989,0
8474,1
6681,0
15112,0
11496,0
115,6
7682,0
14670,0
1708,0
12989,0
6605,5
14099,0
14524,1
12951,6
2248,2
12684,0
2233,2
6734,4
6746,0
11666,0
7390,0
2949,0
12226,0
1737,0
11708,0
3195,0
14221,0
9138,0
13563,0
13984,0
14740,0
12395,0
15189,0
12674,0
8293,0
7615,0
2340,6
1713,4
9556,0
11820,0
12144,0
2613,0
12672,0
12349,0
8351,0
15173,0
6472,0
1948,0
8366,0
7232,0
14236,7
14207,0
15205,0
12338,0
12555,0
8635,0
8402,0
12605,0
13745,0
3149,0
12700,0
1834,1
13972,2
14410,4
14836,0
13298,0
13697,3
12544,0
14274,0
6934,0
12560,0
8058,0
15006,0
2229,0
12767,0
9189,1
12435,0
13560,0
14942,0
9083,0
9155,2
12140,0
2288,2
1813,0
7762,3
11687,0
6822,0
7716,0
2888,0
11895,0
1990,0
13522,0
7292,0
1578,7
12388,0
6943,0
7701,7
7650,0
12844,5
2316,0
1676,0
2245,0
13707,1
7643,0
8188,0
11403,2
9315,0
12230,0
14808,0
7797,0
6115,0
14847,0
2177,3
14113,0
11918,5
13254,0
100,0
2740,0
1892,0
2800,7
6851,0
6918,4
6657,0
14397,0
2217,0
6623,1
15220,4
40,0
7585,5
1901,2
6651,0
11619,0
6923,1
2876,0
12702,0
2206,4
6237,0
7795,6
2056,0
6614,0
9126,3
6626,0
8153,0
2958,0
3256,0
14092,0
6194,0
13359,0
13040,0
13814,0
2628,0
2514,0
12139,0
1894,0
12282,0
9572,0
14129,0
15130,0
14425,0
14018,0
12316,0
7361,0
8518,0
2464,5
2296,0
1926,0
6131,0
7402,0
1787,0
11571,0
2401,6
14930,0
2269,0
131,4
2674,0
9284,0
6404,0
8637,0
2634,0
9330,0
9340,0
7042,4
3194,0
2208,4
13799,0
3381,0
11676,0
14033,0
2481,5
7195,0
2250,5
142,0
12298,0
12627,0
6518,3
8515,0
2640,0
7753,0
1933,0
2779,0
3331,0
8525,0
7225,5
14964,0
2123,0
13779,0
6451,0
12710,0
7818,0
13854,0
9316,0
6418,0
9382,6
13215,0
2092,0
13362,0
2597,0
13505,0
14619,0
11435,0
11734,2
1830,0
7940,0
2537,3
7162,0
3112,0
7890,7
1890,0
13122,6
7110,0
12737,0
9569,0
2850,0
12487,1
8192,0
7982,0
6855,0
6282,0
2834,0
2366,0
11661,0
8143,0
9289,0
9375,0
15040,0
9208,0
7479,0
6347,0
6262,1
13004,3
2778,0
9421,5
3191,0
9466,3
139,0
9134,0
3040,6
7765,0
6292,0
8430,6
75,0
15185,0
2165,0
14557,0
14245,0
1527,0
3286,0
12447,0
8408,0
7510,6
8104,0
14771,0
9292,7
2534,0
9012,0
13175,6
7501,0
12956,0
6743,0
13134,0
11497,0
2218,0
8477,0
14003,0
13320,0
8075,0
6308,1
2670,0
2259,0
2788,0
8206,0
6140,0
14692,0
9378,0
7031,0
13611,0
15244,0
11849,0
6151,0
14098,0
7937,0
12387,6
2003,0
2606,7
7726,0
13499,3
6202,0
14594,0
11904,0
9401,3
12423,0
3203,0
6754,0
1897,0
1802,0
9397,5
6455,0
3204,6
13293,0
13228,0
8307,6
6963,0
13528,0
13880,0
12399,0
9450,0
3379,0
14908,0
6312,0
3233,4
14868,0
1976,0
8158,1
1723,0
9312,0
11803,5
8455,0
14921,0
9036,1
13917,1
11855,5
2892,0
7478,0
14121,0
1591,0
14279,0
12928,0
2646,0
7517,0
3328,0
12628,0
14026,0
6828,4
12381,0
12483,0
8088,1
12052,0
3248,0
13469,0
14415,5
7688,5
2577,0
7692,4
9295,6
8226,7
8441,0
14998,0
13304,3
2253,0
7438,0
9517,0
12040,0
1973,0
13806,0
9026,0
12199,0
2160,0
13421,0
7610,0
7997,0
11982,0
2350,0
8449,0
11673,0
2064,0
11765,2
7933,0
3151,0
6525,2
13370,0
13068,0
2601,0
9065,3
1583,6
15203,5
3015,0
1626,0
2768,0
1978,0
14982,0
13667,0
11794,0
13882,0
13598,0
14303,5
9563,3
15129,0
6499,1
3335,0
7653,3
1652,1
3073,0
14653,2
2598,0
6601,0
14376,0
11915,0
14552,0
2685,0
13945,0
2952,0
2212,0
13235,0
12592,0
12366,0
12084,0
14112,0
13238,0
14523,0
6613,0
3036,7
9434,0
2002,3
6579,1
2994,0
8003,0
13621,0
13818,0
14676,2
70,0
1819,0
2241,0
2870,0
3196,0
3007,0
13243,0
6728,0
30,6
14786,0
9362,7
2755,0
14375,3
11629,7
7763,0
14995,0
12129,0
14447,0
13773,0
13770,6
1559,0
12095,5
3299,0
8571,0
3234,0
12878,3
7119,0
9188,0
3089,0
14628,4
7376,0
7522,2
7812,0
14117,0
2507,0
7733,0
13643,0
12039,3
6960,0
3147,0
6903,4
6656,0
6889,2
11519,4
2356,0
13060,0
7856,0
13356,0
8046,0
3087,0
6996,0
8062,0
9201,3
11372,3
13045,0
1717,0
14526,0
9254,0
8027,2
6755,0
2866,0
2131,1
8113,3
7732,0
3192,1
12327,0
7925,1
2976,0
9263,0
11942,4
11525,0
6967,0
7199,0
12645,0
8573,4
3374,0
3342,0
2651,0
14082,0
3292,0
15128,0
1746,0
7502,3
12611,0
2662,0
12661,0
14360,0
9417,5
2486,5
6134,0
50,0
13179,7
7363,0
7645,0
3166,0
2706,0
12538,0
12881,3
6959,0
2416,5
14492,0
3030,1
13804,2
67,0
6295,4
11443,0
14321,0
2137,0
11780,0
2875,0
7518,3
9508,0
7852,0
2501,0
14570,2
7083,2
6574,1
9120,0
2659,4
11407,0
8101,6
6325,0
8373,0
12412,0
12991,0
14853,0
7115,0
6945,2
14714,0
3024,7
7968,0
13227,0
13208,7
14388,0
14347,0
14798,0
6661,2
11492,5
7662,0
12847,0
12266,0
6358,0
12235,4
7451,6
8313,0
13255,4
14681,0
8349,5
6704,2
14893,0
7898,0
8162,0
13931,0
9473,0
1786,0
13412,0
3038,0
14147,0
7245,0
14622,3
6843,0
13034,0
3074,0
11543,0
7551,0
12505,0
7970,0
11522,0
11825,3
11700,2
2254,1
15135,0
11558,2
6982,0
3362,0
11410,3
7548,3
11638,0
13927,0
9198,0
6375,3
2991,0
7278,0
1848,0
1820,0
3123,0
12726,2
11446,0
12638,0
6678,4
8099,0
7116,1
1643,4
2900,0
11279,2
12902,2
6690,0
1836,0
2014,0
12191,0
6287,0
7499,0
8381,0
3080,0
12244,0
6878,0
6958,0
14577,0
13578,0
2691,1
12686,2
6335,0
14528,0
13256,0
6457,0
12117,0
12099,6
14335,0
6530,0
13081,2
2135,0
84,6
15016,2
14127,0
8342,0
7621,0
11979,6
3214,0
11660,4
8287,0
9451,0
7163,3
7626,0
12924,4
14372,0
11576,6
7649,0
14564,0
12927,4
11600,0
9501,1
7060,0
9211,0
14078,0
2031,0
9004,0
2739,0
2363,0
13860,0
2153,0
9299,7
11643,1
13061,7
14248,7
6788,0
7883,0
14011,4
2286,0
12644,0
15210,0
3110,0
13449,0
12865,7
11907,0
8299,0
7720,1
6413,0
3285,0
25,1
2143,7
11698,0
15183,0
13971,0
14148,0
12379,0
9338,0
12362,0
6392,0
13652,0
9222,0
6984,0
12513,0
3077,3
12579,0
7373,0
13163,4
11997,0
2542,0
1798,0
7572,1
9568,2
6869,0
13849,0
6240,3
14422,3
14715,0
12368,1
14184,0
7686,0
15105,0
14362,0
13365,0
11857,0
6642,0
1744,0
7755,0
11551,0
12501,0
12206,0
6854,0
12889,0
9246,2
14698,0
13891,0
2104,0
2162,0
2025,1
